1,Starla,32
2,Magdalena,38
3,Chrystel,33
4,Alyssa,26
5,Nerta,31
6,Roz,19
7,Dode,18
8,Jordan,22
9,Myrtice,36
10,Betta,40
11,Fina,20
12,Julieta,37
13,Marcy,33
14,Frances,20
15,Meriel,25
16,Josephine,33
17,Annora,35
18,Rhoda,18
19,Cindelyn,28
20,Tierney,38
21,Celestyna,32
22,Gisela,39
23,Estell,23
24,Vanessa,20
25,Nonnah,20
26,Jerry,36
27,Mady,29
28,Tilly,36
29,Eve,36
30,Odessa,28
31,Krystle,18
32,Dorice,36
33,Teddie,35
34,Goldie,32
35,Jolyn,26
36,Blinni,31
37,Cassondra,37
38,Nerta,31
39,Estell,39
40,Pollyanna,37
41,Susan,23
42,Hope,24
43,Clementine,40
44,Alejandra,32
45,June,35
46,Darci,22
47,Micheline,38
48,Chastity,26
49,Chere,31
50,Meghann,24
51,Desirae,23
52,Frank,18
53,Ardenia,21
54,Ardenia,26
55,Malina,26
56,Nerta,19
57,Georgina,40
58,Chere,40
59,Imojean,40
60,Aurelie,28
61,Gilda,26
62,Janis,37
63,Vita,21
64,Roseline,23
65,Stacey,20
66,Jemie,23
67,Cristine,23
68,Mariele,24
69,Veda,38
70,Lusa,21
71,Carilyn,35
72,Ronna,24
73,Quintina,31
74,Gianina,33
75,Nelle,18
76,Ellette,20
77,Orsola,32
78,Basia,40
79,Tami,34
80,Juliane,23
81,Annabela,36
82,Minda,22
83,Agathe,30
84,Phedra,38
85,Olwen,29
86,Vere,20
87,Corry,31
88,Doro,20
89,Nollie,28
90,Ekaterina,27
91,Mathilda,18
92,Myriam,39
93,Annecorinne,28
94,Oralee,34
95,Winifred,37
96,Bee,23
97,Karena,40
98,Florie,29
99,Chrystel,36
100,Wynne,23
101,Dorice,37
102,Elora,27
103,Farrah,36
104,Cecile,35
105,Elena,38
106,Di,34
107,Vita,27
108,Modestia,23
109,Sybille,28
110,Annice,35
111,Kelly,21
112,Benita,34
113,Maurene,20
114,Candi,24
115,Viki,19
116,Alyssa,22
117,Kaia,40
118,Cordi,38
119,Bernie,35
120,Carree,38
121,Valera,38
122,Sindee,34
123,Judy,38
124,Ivett,20
125,Brena,37
126,Clo,25
127,Codie,40
128,Vevay,24
129,Judy,28
130,Mathilda,31
131,Roxane,30
132,Therine,22
133,Minda,34
134,Priscilla,28
135,Clary,28
136,Celestyna,39
137,Caryl,24
138,Jenda,37
139,Veda,39
140,Pamella,24
141,Augustine,29
142,Hyacinthe,24
143,Barbi,25
144,Fayre,39
145,Tiffie,39
146,Ayn,25
147,Letizia,21
148,Elise,27
149,Clo,25
150,Teriann,25
151,Britte,39
152,Sharai,36
153,Diena,20
154,Merci,18
155,Max,24
156,Joceline,38
157,Dorothy,19
158,Sharai,28
159,Sean,24
160,Roseline,34
161,Sidoney,19
162,Almeta,24
163,Kaia,37
164,Kristina,20
165,Beverley,18
166,Louella,21
167,Annaliese,32
168,Ruthe,23
169,Cordi,27
170,Celisse,25
171,Tomasina,33
172,Joy,38
173,Rosabelle,23
174,Christal,21
175,Selma,27
176,Raina,40
177,Frieda,23
178,Gusty,24
179,Claudina,26
180,Josephine,25
181,Louella,20
182,Charissa,20
183,Ardys,36
184,Nelle,30
185,Sharlene,19
186,Tami,25
187,Laurene,30
188,Marguerite,32
189,Therine,18
190,Kayla,40
191,Alameda,31
192,Brena,39
193,Lolita,19
194,Kimberley,27
195,Amelia,36
196,Lizzie,21
197,Caryl,25
198,Danika,32
199,Marjie,19
200,Rosabelle,25
201,Lorenza,24
202,Marcelline,24
203,Dominga,27
204,Corly,24
205,Gale,30
206,Rosaline,37
207,Ileana,35
208,Ofilia,39
209,Loree,30
210,Gretal,33
211,Talya,38
212,Krystle,23
213,Nerta,35
214,Correy,36
215,Jaime,28
216,Romona,18
217,Jeanna,38
218,Dorene,28
219,Agathe,38
220,Claudina,33
221,Lelah,20
222,Celisse,20
223,Corene,36
224,Rivalee,18
225,Stephanie,26
226,Tarra,33
227,Aigneis,33
228,Damaris,18
229,Sheree,29
230,Florencia,34
231,Fred,38
232,Alexine,26
233,Nickie,28
234,Petronia,31
235,Dyann,21
236,Anestassia,38
237,Joy,33
238,Marcelline,33
239,Beth,36
240,Nickie,31
241,Adele,23
242,Dari,21
243,Zsa Zsa,38
244,Elyssa,25
245,Sallie,20
246,Ursulina,25
247,Clarice,33
248,Keelia,18
249,Ruthe,18
250,Cassondra,25
251,Kittie,27
252,Cathie,18
253,Dolli,28
254,Kalina,21
255,Agathe,38
256,Laurene,23
257,Catharine,29
258,Therine,40
259,Joy,37
260,Beverley,38
261,Mureil,34
262,Emma,31
263,Korrie,33
264,Gusty,20
265,Fayre,31
266,Ronna,36
267,Miquela,18
268,Clary,18
269,Flory,18
270,Shaine,36
271,Angela,21
272,Judy,23
273,Merle,30
274,Dari,20
275,Johna,36
276,Lanae,18
277,Livvyy,20
278,Mellicent,25
279,Raf,27
280,Belinda,37
281,Augustine,22
282,Dari,38
283,Marcy,37
284,Doro,37
285,Jsandye,21
286,Leanna,39
287,Raf,27
288,Ottilie,20
289,Lilith,40
290,Shirlee,38
291,Jaime,24
292,Michaelina,32
293,Dacia,32
294,Carly,24
295,Jeanna,19
296,Georgina,18
297,Aurelie,40
298,Grier,18
299,Margarette,36
300,Sherrie,30
301,Brena,24
302,Frances,35
303,Melodie,33
304,Elsie,29
305,Max,40
306,Annice,28
307,Lila,22
308,Caressa,31
309,Vita,21
310,Rhoda,27
311,Ninnetta,19
312,Linzy,20
313,Bobinette,37
314,Rozele,20
315,Roberta,30
316,Viviene,21
317,Katharina,20
318,Alleen,30
319,Lanae,30
320,Hope,33
321,Evita,27
322,Netty,24
323,Lorenza,24
324,Orsola,39
325,Verla,18
326,Gale,30
327,Dulcinea,26
328,Cherilyn,19
329,Deirdre,39
330,Miquela,31
331,Britni,20
332,Phedra,25
333,Tierney,39
334,Bill,32
335,Linzy,38
336,Sadie,38
337,Mireielle,18
338,Charlena,28
339,Ilse,36
340,Florie,34
341,Blake,36
342,Emmey,37
343,Xylina,31
344,Aubrie,28
345,Tori,29
346,Celene,18
347,Caryl,31
348,Kylynn,30
349,Kenna,18
350,Bibby,39
351,Lexine,27
352,Lynea,37
353,Coral,19
354,Juliane,23
355,Genovera,26
356,Robbi,22
357,Olwen,40
358,Barbara,25
359,Korrie,38
360,Dorene,38
361,Calla,26
362,Letizia,27
363,Anica,30
364,Olivette,27
365,Hope,28
366,Melina,25
367,Leona,35
368,Phylis,26
369,Sibella,22
370,Angelique,19
371,Suzette,40
372,Luci,39
373,Nita,29
374,Blinni,37
375,Lindie,37
376,Charlena,25
377,Tybie,37
378,Joleen,28
379,Latisha,38
380,Gretal,18
381,Talya,35
382,Jillayne,23
383,Carlie,24
384,Tybie,39
385,Mary,20
386,Trudie,32
387,Susan,30
388,Chere,31
389,Anica,21
390,Christal,21
391,Caressa,39
392,Myrtice,38
393,Mathilda,27
394,Lyssa,18
395,Suzette,18
396,Sophia,32
397,Talya,28
398,Siana,39
399,Edee,34
400,Adore,40
401,Donnie,38
402,Kamilah,20
403,Zia,30
404,Fayre,21
405,Lacie,25
406,Trudie,22
407,Darlleen,33
408,Fred,39
409,Tatiania,37
410,Allyce,38
411,Edee,23
412,Zondra,28
413,Ada,32
414,Gaylene,31
415,Linet,38
416,Caryl,32
417,Lonnie,36
418,Cristabel,18
419,Cam,22
420,Stephanie,27
421,Shauna,40
422,Dorice,34
423,Frank,37
424,Claudina,29
425,Judy,19
426,Elmira,38
427,Chandra,31
428,Aurelie,33
429,Belva,19
430,Vonny,19
431,Danny,27
432,Ada,39
433,Addia,38
434,Agathe,31
435,Mamie,40
436,Cassandra,39
437,Sashenka,33
438,Etta,39
439,Rebeca,38
440,Ricky,30
441,Dagmar,35
442,Kathy,26
443,Sophia,30
444,Kirstin,39
445,Lorne,28
446,Diena,23
447,Mallory,27
448,Ileana,20
449,Merle,36
450,Lolita,35
451,Janenna,36
452,Edyth,40
453,Gale,19
454,Sheelagh,37
455,Patricia,23
456,Gratia,37
457,Melodie,20
458,Bobbi,24
459,Melisent,32
460,Sissy,32
461,Aurore,39
462,Bettine,37
463,Lelah,27
464,Lenna,21
465,Jasmina,27
466,Claresta,20
467,Louella,34
468,Dacia,37
469,Annabela,25
470,Tera,29
471,Rani,37
472,Tressa,20
473,Rayna,20
474,Aili,27
475,Goldie,18
476,Desirae,30
477,Daryl,35
478,Kelly,29
479,Hannis,37
480,Sadie,29
481,Sabina,35
482,Danny,18
483,Lesly,31
484,Debee,22
485,Ashlee,20
486,Damaris,33
487,Quintina,24
488,Helsa,27
489,Johna,21
490,Gilligan,40
491,Arlena,33
492,Karena,28
493,Jacquetta,36
494,Marguerite,36
495,Fina,40
496,Shaine,19
497,Cassondra,30
498,Blondelle,32
499,Emylee,29
500,Genovera,25
501,Sibella,36
502,Layla,24
503,Modestia,26
504,Lindie,30
505,Tomasina,37
506,Belinda,40
507,Babita,25
508,Merci,39
509,Kary,34
510,Rozele,19
511,Kelly,19
512,Hildegaard,19
513,Roz,30
514,Joleen,26
515,Cordi,21
516,Jean,24
517,Merle,38
518,Libbie,29
519,Caritta,38
520,Marnia,18
521,Donetta,34
522,Christian,35
523,Kayla,26
524,Sybille,40
525,Ginnie,24
526,Courtnay,40
527,Benita,23
528,Meg,31
529,Concettina,24
530,Harmonia,28
531,Coral,20
532,Elie,39
533,Adele,22
534,Maud,40
535,Kylynn,37
536,Belva,37
537,Madalyn,39
538,Nollie,18
539,Aubrie,18
540,Wanda,39
541,Rani,25
542,Sara-Ann,40
543,Clarice,22
544,Teddie,29
545,Vanessa,31
546,Stephanie,38
547,Emmey,40
548,Barbi,33
549,Romona,38
550,Adriana,20
551,Clementine,32
552,Nannie,23
553,Oona,28
554,Carolina,20
555,Genevra,38
556,Wynne,22
557,Edith,34
558,Roxane,29
559,Doralynne,31
560,Bobinette,18
561,Sonni,28
562,Merry,28
563,Perry,18
564,Heddie,23
565,Monika,18
566,Demetris,19
567,Briney,24
568,Hollie,39
569,Eolanda,22
570,Ricky,38
571,Daune,31
572,Dyann,20
573,Tressa,31
574,Elvira,31
575,Tonia,33
576,Dorothy,23
577,Kelly,36
578,Clarice,26
579,Lorne,22
580,Kary,35
581,Sue,32
582,Hope,40
583,Jacquetta,29
584,Hildegaard,18
585,Sandie,21
586,Janenna,35
587,Agathe,18
588,Hermione,33
589,Marti,18
590,Cyb,38
591,Shell,18
592,Etta,23
593,Ginnie,19
594,Barbara,32
595,Alexine,30
596,Livvyy,27
597,Leanna,19
598,Glynnis,23
599,Rori,36
600,Nonnah,22
601,Katharina,33
602,Pollyanna,26
603,Madelle,20
604,Renae,26
605,Rivalee,38
606,Charlena,36
607,Danny,31
608,Riannon,29
609,Dorthy,38
610,Flo,35
611,Frank,30
612,Theodora,29
613,Odessa,40
614,Marcelline,20
615,Merle,34
616,Catharine,23
617,Luci,22
618,Nadine,34
619,Ermengarde,39
620,Edyth,19
621,Sindee,31
622,Florencia,33
623,Celisse,29
624,Korrie,24
625,Gilligan,34
626,Jillayne,35
627,Mureil,23
628,Courtnay,36
629,Kathi,33
630,Almeta,38
631,Ketti,24
632,Glynnis,36
633,Randa,32
634,Taffy,21
635,Pamella,24
636,Britte,28
637,Kristan,36
638,Dione,20
639,Kary,21
640,Fanny,32
641,Therine,36
642,Benita,24
643,Cherilyn,31
644,Tiffie,28
645,Amalie,29
646,Ginnie,37
647,Riannon,34
648,Sara-Ann,29
649,Rozele,38
650,Melodie,39
651,Basia,26
652,Janey,27
653,Edyth,34
654,Helsa,35
655,Allis,30
656,Joelly,21
657,Valera,18
658,Heddie,39
659,Audrie,22
660,Letizia,37
661,Carmencita,25
662,Donetta,27
663,Winifred,18
664,Ardenia,38
665,Joy,18
666,Harrietta,37
667,Neila,36
668,Zondra,20
669,Theodora,40
670,Anthia,38
671,Goldie,23
672,Cathie,25
673,Alie,30
674,Mamie,26
675,Lynnea,30
676,Jaclyn,26
677,Jobi,24
678,Evaleen,21
679,Sonni,22
680,Chrystel,32
681,Sindee,39
682,Dagmar,38
683,Daphne,25
684,Nikki,34
685,Ilse,36
686,Florencia,32
687,Jolyn,31
688,Christian,25
689,Kaia,28
690,Vanessa,30
691,Nananne,38
692,Marleah,36
693,Meriel,33
694,Chastity,35
695,Therine,30
696,Doralynne,20
697,Janeczka,37
698,Zia,30
699,Antonietta,21
700,Binny,40
701,Raina,35
702,Nataline,19
703,Rayna,39
704,Verla,26
705,Melisent,22
706,Orelia,29
707,Netty,30
708,Priscilla,21
709,Farrah,24
710,Sadie,37
711,Kirstin,18
712,Vita,28
713,Marjie,39
714,Lily,28
715,Hollie,36
716,Shell,20
717,Blake,38
718,Deirdre,32
719,Blinni,21
720,Ingrid,23
721,Kerrin,30
722,Nadine,33
723,Marylou,20
724,Myrtice,18
725,Alia,27
726,Britni,40
727,Lily,32
728,Sharai,33
729,Vanessa,25
730,Ann-Marie,18
731,Audrie,35
732,Natka,23
733,Philis,37
734,Viviene,21
735,Blondelle,22
736,Leona,25
737,Hettie,24
738,Almeta,31
739,Ernesta,21
740,Roslyn,25
741,Dyann,18
742,Loree,22
743,Myriam,38
744,Jessamyn,37
745,Roxane,19
746,Codie,32
747,Carolina,29
748,Amii,31
749,Emylee,37
750,Carree,22
751,Karlee,30
752,Babita,18
753,Bernie,30
754,Merci,18
755,Ronna,23
756,Elsie,25
757,Diena,40
758,Sam,22
759,Frieda,24
760,Mignon,38
761,Edith,34
762,Evita,19
763,Mariele,35
764,Marjie,34
765,Gerianna,18
766,Stephanie,19
767,Madeleine,20
768,Yolane,35
769,Caressa,20
770,Kary,22
771,Babita,27
772,Flo,19
773,Caressa,19
774,Aili,18
775,Molli,30
776,Nyssa,29
777,Celestyna,33
778,Winifred,21
779,Helena,25
780,Amelia,32
781,Kristan,23
782,Elvira,24
783,Rubie,22
784,Lila,18
785,Melanie,29
786,Vinita,25
787,Sonni,39
788,Lelah,28
789,Lelah,28
790,Gertrud,38
791,Fanny,39
792,Janis,23
793,Donetta,32
794,Tomasina,33
795,Elie,31
796,Gerianna,25
797,Stacey,32
798,Hildegaard,22
799,Trudie,34
800,Chastity,25
801,Maurene,28
802,Corly,22
803,Katleen,35
804,Correy,18
805,Celisse,35
806,Mureil,31
807,Adele,36
808,Karena,38
809,Doralynne,34
810,Mildrid,33
811,Roxane,34
812,Nananne,25
813,Phylis,26
814,Rayna,38
815,Kylynn,38
816,Shell,23
817,Aubrie,27
818,Gwenneth,22
819,Meghann,39
820,Dorice,33
821,Queenie,27
822,Randa,33
823,Olwen,33
824,Dode,30
825,Ethel,23
826,Candy,40
827,Courtnay,20
828,Netty,28
829,Goldie,40
830,Gerianna,20
831,Myriam,19
832,Karolina,21
833,Deane,26
834,Binny,26
835,Glenda,36
836,Shirlee,19
837,Merrie,19
838,Mellicent,29
839,Helena,32
840,Arabel,24
841,Tatiania,20
842,Ronna,18
843,Kaia,39
844,Raquela,18
845,Cristabel,26
846,Aigneis,33
847,Almeta,19
848,Frieda,32
849,Sandie,38
850,Starla,34
851,Joelly,35
852,Estell,35
853,Jennica,27
854,Paulita,21
855,Bill,19
856,Leeanne,30
857,Diena,40
858,Madalyn,35
859,Laure,28
860,Chastity,26
861,Sonni,31
862,Christian,40
863,Helena,32
864,Frank,21
865,Flo,20
866,Teddie,25
867,Alisha,35
868,Roz,36
869,Helena,29
870,Shannah,38
871,Nikki,25
872,Dode,36
873,Melina,36
874,Hildegaard,20
875,Jean,31
876,Annaliese,24
877,Robbi,18
878,Alisha,29
879,Netty,27
880,Kimmy,32
881,Carolina,24
882,Clementine,18
883,Ninnetta,40
884,Doro,25
885,Ingrid,19
886,Winifred,19
887,Lily,19
888,Letizia,38
889,Rayna,19
890,Magdalena,24
891,Kylynn,35
892,Cristine,21
893,Teddie,31
894,Ricky,35
895,Chickie,40
896,Quintina,37
897,Tabbatha,26
898,Kore,27
899,Phedra,36
900,Gerrie,35
901,Alleen,39
902,Leona,40
903,Elyssa,20
904,Aurelie,18
905,Orelia,32
906,Micheline,31
907,Cassondra,18
908,Chastity,20
909,Peri,27
910,Madalyn,29
911,Wanda,27
912,Aigneis,30
913,Daune,18
914,Nerta,22
915,Michaelina,21
916,Mary,33
917,Florencia,29
918,Joy,29
919,Mignon,39
920,Rosaline,26
921,Iseabal,18
922,Kary,28
923,Eadie,24
924,Kenna,21
925,Carol-Jean,18
926,Lilith,37
927,Millie,18
928,Nariko,31
929,Suzette,37
930,Hyacinthe,30
931,Johna,36
932,Sean,29
933,Winny,20
934,Ekaterina,36
935,Carolina,21
936,Atlanta,29
937,Florencia,30
938,Blondelle,28
939,Brandise,35
940,Kassey,38
941,Gaylene,27
942,Marguerite,19
943,Amelia,21
944,Halette,19
945,Sibella,27
946,Juliane,25
947,Roz,22
948,Jessy,24
949,Nadine,21
950,Kara-Lynn,19
951,Mary,39
952,Kamilah,27
953,Melodie,27
954,Binny,26
955,Merry,28
956,Shaine,25
957,Lilith,21
958,Marnia,23
959,Caritta,20
960,Cristine,31
961,Magdalena,35
962,Marylou,34
963,Barbi,26
964,Jenilee,30
965,Glenda,32
966,Mallory,25
967,Lusa,34
968,Bibby,31
969,Carmela,23
970,Isa,19
971,Ilse,28
972,Yetty,39
973,Dianemarie,39
974,Jenilee,39
975,Leontine,36
976,Tracey,32
977,Annecorinne,18
978,Luci,34
979,Natka,38
980,Elena,39
981,Mellicent,33
982,Taffy,40
983,Leona,32
984,Lory,23
985,Myrtice,29
986,Nelle,28
987,Donetta,29
988,Noelle,28
989,Alyda,23
990,Camile,36
991,Estell,25
992,Belinda,40
993,Agnese,35
994,Cristine,40
995,Loree,31
996,Fernande,27
997,Betta,27
998,Bee,21
999,Isa,27
1000,Oralee,35